,Season,Player,Market_Value,Position,Passes,Big Chance Missed,Clearence,CleanSheet,Tackles,Goals,Shoots,Assists,Touches,Minutes
0,2016,Aleksandar Kolarov,9.35,Defender,1859.0,0.0,153.0,0.0,0.0,0.0,0.0,0.0,2418.0,0.0
1,2016,Fernandinho,21.25,Midfielder,2180.0,4.0,0.0,0.0,82.0,0.0,0.0,0.0,2732.0,0.0
2,2016,Kevin De Bruyne,55.25,Midfielder,1801.0,3.0,0.0,0.0,0.0,6.0,86.0,18.0,2586.0,0.0
3,2016,David Silva,25.5,Midfielder,2075.0,4.0,0.0,0.0,0.0,0.0,48.0,7.0,2648.0,0.0
4,2015,Aleksandar Kolarov,9.35,Defender,1361.0,0.0,0.0,0.0,0.0,0.0,0.0,0.0,2164.0,0.0
5,2015,Bacary Sagna,5.95,Defender,1587.0,0.0,99.0,11.0,0.0,0.0,0.0,0.0,2296.0,0.0
6,2015,Fernandinho,23.8,Midfielder,1872.0,0.0,0.0,13.0,105.0,0.0,0.0,0.0,2344.0,0.0
7,2014,Pablo Zabaleta,16.15,Defender,0.0,0.0,0.0,11.0,106.0,0.0,0.0,0.0,2157.0,0.0
8,2014,Fernandinho,27.2,Midfielder,1734.0,0.0,0.0,0.0,94.0,0.0,0.0,0.0,2154.0,0.0
9,2014,David Silva,34.0,Midfielder,2146.0,0.0,0.0,0.0,0.0,12.0,66.0,7.0,2673.0,0.0
10,2013,Pablo Zabaleta,13.6,Defender,1633.0,0.0,0.0,15.0,120.0,0.0,0.0,6.0,2459.0,0.0
11,2013,Fernandinho,27.2,Midfielder,1681.0,0.0,0.0,0.0,97.0,0.0,0.0,0.0,2116.0,0.0
12,2013,David Silva,37.4,Midfielder,1869.0,0.0,0.0,0.0,0.0,7.0,53.0,9.0,2328.0,0.0
13,2013,Samir Nasri,17.85,0,1899.0,0.0,0.0,0.0,0.0,7.0,0.0,7.0,2519.0,0.0
14,2012,Pablo Zabaleta,12.33,Defender,1307.0,0.0,0.0,11.0,113.0,0.0,0.0,0.0,2072.0,0.0
15,2012,Gareth Barry,8.5,0,1823.0,0.0,0.0,14.0,64.0,0.0,0.0,0.0,2155.0,0.0
16,2012,David Silva,42.5,Midfielder,1824.0,0.0,0.0,0.0,0.0,0.0,0.0,8.0,2348.0,0.0
17,2011,Joleon Lescott,11.05,0,1419.0,0.0,157.0,14.0,0.0,0.0,0.0,0.0,1782.0,0.0
18,2011,Gareth Barry,14.45,0,2188.0,0.0,0.0,11.0,0.0,0.0,0.0,0.0,2610.0,0.0
19,2011,David Silva,27.2,Midfielder,2020.0,0.0,0.0,0.0,0.0,6.0,87.0,15.0,2604.0,0.0
20,2011,Emmanuel Adebayor,14.45,0,0.0,0.0,0.0,11.0,0.0,17.0,100.0,11.0,1681.0,0.0
21,2011,Emmanuel Adebayor,14.45,0,0.0,0.0,0.0,11.0,0.0,17.0,100.0,11.0,1681.0,0.0
22,2016,David de Gea,34.0,Goalkeeper,0.0,0.0,0.0,14.0,0.0,0.0,0.0,0.0,0.0,3150.0
23,2016,Antonio Valencia,6.8,Defender,0.0,0.0,0.0,12.0,67.0,0.0,0.0,0.0,2157.0,0.0
24,2016,Paul Pogba,68.0,Midfielder,2178.0,5.0,0.0,12.0,0.0,0.0,92.0,0.0,2841.0,0.0
25,2016,Ander Herrera,23.8,Midfielder,2089.0,0.0,0.0,0.0,84.0,0.0,0.0,6.0,2607.0,0.0
26,2015,Chris Smalling,9.35,Defender,1533.0,0.0,180.0,17.0,0.0,0.0,0.0,0.0,1998.0,0.0
27,2015,Daley Blind,12.75,Defender,2029.0,0.0,119.0,12.0,95.0,0.0,0.0,0.0,2658.0,0.0
28,2015,Juan Mata,28.9,Midfielder,1803.0,0.0,0.0,0.0,0.0,6.0,57.0,5.0,2264.0,0.0
29,2014,Antonio Valencia,13.6,Defender,1675.0,0.0,0.0,0.0,95.0,0.0,0.0,0.0,2483.0,0.0
30,2014,Tom Cleverley,11.9,0,1496.0,0.0,0.0,0.0,0.0,0.0,0.0,0.0,1896.0,0.0
31,2014,Juan Mata,34.0,Midfielder,0.0,0.0,0.0,0.0,0.0,9.0,0.0,4.0,1832.0,0.0
32,2014,Wayne Rooney,38.25,Forward,1661.0,0.0,0.0,0.0,0.0,12.0,79.0,5.0,2203.0,0.0
33,2013,Patrice Evra,11.05,0,0.0,0.0,181.0,0.0,79.0,0.0,0.0,0.0,2186.0,0.0
34,2013,Michael Carrick,9.35,Midfielder,2051.0,0.0,0.0,10.0,0.0,0.0,0.0,0.0,2376.0,0.0
35,2012,Patrice Evra,13.18,0,1421.0,0.0,165.0,10.0,82.0,0.0,0.0,5.0,2307.0,0.0
36,2012,Rafael,7.65,0,0.0,0.0,127.0,0.0,87.0,0.0,0.0,0.0,1951.0,0.0
37,2012,Michael Carrick,11.9,Midfielder,2774.0,0.0,0.0,10.0,83.0,0.0,0.0,0.0,3149.0,0.0
38,2012,Dimitar Berbatov,9.78,0,1463.0,0.0,0.0,0.0,0.0,15.0,81.0,0.0,1956.0,0.0
39,2011,Rio Ferdinand,17.0,0,1293.0,0.0,222.0,12.0,0.0,0.0,0.0,0.0,1680.0,0.0
40,2011,Jonny Evans,7.65,0,1418.0,0.0,225.0,13.0,0.0,0.0,0.0,0.0,1827.0,0.0
41,2011,Phil Jones,2.98,Defender,1152.0,0.0,127.0,11.0,0.0,0.0,0.0,0.0,1717.0,0.0
42,2011,Patrice Evra,22.95,0,0.0,0.0,169.0,18.0,0.0,0.0,0.0,0.0,2543.0,0.0
43,2011,Antonio Valencia,16.15,Defender,1206.0,0.0,0.0,13.0,0.0,0.0,0.0,13.0,1773.0,0.0
44,2011,Michael Carrick,15.3,Midfielder,2192.0,0.0,0.0,14.0,0.0,0.0,0.0,0.0,2538.0,0.0
45,2011,Nani,23.8,0,0.0,0.0,0.0,0.0,0.0,8.0,65.0,10.0,1685.0,0.0
46,2016,Petr Cech,8.5,0,0.0,0.0,0.0,11.0,0.0,0.0,0.0,0.0,0.0,3098.0
47,2016,Laurent Koscielny,18.7,0,1667.0,0.0,195.0,10.0,0.0,0.0,0.0,0.0,2131.0,0.0
48,2016,Nacho Monreal,12.75,0,1753.0,0.0,0.0,10.0,90.0,0.0,0.0,0.0,2575.0,3153.0
49,2016,Granit Xhaka,29.75,0,2298.0,0.0,0.0,0.0,77.0,0.0,0.0,0.0,2681.0,0.0
50,2015,Laurent Koscielny,16.15,0,1691.0,0.0,186.0,15.0,0.0,0.0,0.0,0.0,2217.0,0.0
51,2015,Nacho Monreal,8.5,0,1844.0,0.0,114.0,17.0,80.0,0.0,0.0,0.0,2759.0,0.0
52,2015,Aaron Ramsey,21.25,0,2154.0,0.0,0.0,14.0,78.0,5.0,69.0,4.0,2774.0,0.0
53,2014,Per Mertesacker,15.3,0,1776.0,0.0,194.0,12.0,0.0,0.0,0.0,0.0,2174.0,0.0
54,2014,Nacho Monreal,9.35,0,1247.0,0.0,124.0,0.0,65.0,0.0,0.0,0.0,1854.0,0.0
55,2014,Aaron Ramsey,17.0,0,1641.0,0.0,0.0,0.0,58.0,6.0,63.0,6.0,2110.0,0.0
56,2013,Per Mertesacker,13.6,0,1706.0,0.0,247.0,16.0,0.0,0.0,0.0,0.0,2164.0,0.0
57,2013,Bacary Sagna,12.33,Defender,1854.0,0.0,175.0,15.0,0.0,0.0,0.0,0.0,2795.0,0.0
58,2013,Mikel Arteta,9.35,0,2152.0,0.0,0.0,10.0,105.0,0.0,0.0,0.0,2563.0,0.0
59,2012,Per Mertesacker,11.9,0,1702.0,0.0,163.0,14.0,0.0,0.0,0.0,0.0,2024.0,0.0
60,2012,Bacary Sagna,16.15,Defender,1497.0,0.0,0.0,0.0,0.0,0.0,0.0,0.0,2168.0,0.0
61,2012,Mikel Arteta,12.33,0,2750.0,0.0,0.0,13.0,108.0,6.0,0.0,0.0,3196.0,0.0
62,2012,Aaron Ramsey,9.78,0,1934.0,0.0,0.0,0.0,71.0,0.0,0.0,0.0,2403.0,0.0
63,2011,Thomas Vermaelen,15.3,0,1459.0,0.0,120.0,0.0,0.0,6.0,0.0,0.0,1900.0,0.0
64,2011,Mikel Arteta,14.45,0,2304.0,0.0,0.0,11.0,0.0,7.0,0.0,0.0,2733.0,0.0
65,2011,Aaron Ramsey,5.1,0,1925.0,0.0,0.0,0.0,0.0,0.0,62.0,0.0,2422.0,0.0
66,2011,Robin van Persie,20.4,0,0.0,0.0,0.0,11.0,0.0,30.0,174.0,9.0,1757.0,0.0
67,2016,Hugo Lloris,20.4,Goalkeeper,0.0,0.0,0.0,15.0,0.0,0.0,0.0,0.0,0.0,3005.0
68,2016,Jan Vertonghen,21.25,Defender,2051.0,0.0,221.0,13.0,0.0,0.0,0.0,0.0,2552.0,0.0
69,2016,Kyle Walker,17.0,Defender,1464.0,0.0,0.0,14.0,72.0,0.0,0.0,5.0,2366.0,0.0
70,2016,Eric Dier,18.7,Midfielder,1981.0,0.0,142.0,15.0,0.0,0.0,0.0,0.0,2402.0,3044.0
71,2016,Victor Wanyama,15.3,Midfielder,1971.0,0.0,0.0,12.0,90.0,0.0,0.0,0.0,2464.0,3015.0
72,2016,Dele Alli,34.0,Midfielder,0.0,11.0,0.0,0.0,0.0,18.0,94.0,7.0,0.0,3043.0
73,2016,Christian Eriksen,29.75,Midfielder,1977.0,0.0,0.0,13.0,0.0,8.0,133.0,15.0,2753.0,3164.0
74,2015,Toby Alderweireld,9.35,Defender,2076.0,0.0,285.0,13.0,0.0,4.0,0.0,0.0,2644.0,0.0
75,2015,Kyle Walker,14.45,Defender,0.0,0.0,106.0,12.0,87.0,0.0,0.0,0.0,2222.0,0.0
76,2015,Eric Dier,5.95,Midfielder,2084.0,0.0,0.0,11.0,80.0,0.0,0.0,0.0,2542.0,0.0
77,2015,Christian Eriksen,22.95,Midfielder,1841.0,0.0,0.0,0.0,0.0,6.0,100.0,13.0,2582.0,0.0
78,2014,Jan Vertonghen,18.7,Defender,0.0,0.0,224.0,0.0,0.0,0.0,0.0,0.0,1884.0,0.0
79,2014,Eric Dier,3.83,Midfielder,1229.0,0.0,113.0,0.0,0.0,0.0,0.0,0.0,1830.0,0.0
80,2014,Ryan Mason,213.0,0,1607.0,0.0,0.0,0.0,0.0,0.0,0.0,0.0,2040.0,0.0
81,2014,Christian Eriksen,15.3,Midfielder,1977.0,0.0,0.0,0.0,0.0,10.0,97.0,0.0,2719.0,0.0
82,2013,Michael Dawson,7.65,0,1572.0,0.0,250.0,13.0,0.0,0.0,0.0,0.0,2048.0,0.0
83,2013,Kyle Walker,13.6,Defender,1395.0,0.0,0.0,0.0,0.0,0.0,0.0,0.0,2151.0,0.0
84,2012,Jan Vertonghen,12.75,Defender,1625.0,0.0,296.0,0.0,104.0,0.0,0.0,0.0,2521.0,0.0
85,2012,Kyle Walker,13.6,Defender,1599.0,0.0,184.0,0.0,83.0,0.0,0.0,4.0,2683.0,0.0
86,2012,Gareth Bale,34.0,0,0.0,0.0,0.0,0.0,0.0,21.0,165.0,0.0,2096.0,0.0
87,2011,Steven Caulker,43.0,0,0.0,0.0,181.0,10.0,0.0,0.0,0.0,0.0,1955.0,0.0
88,2011,Kyle Naughton,1.7,0,1261.0,0.0,150.0,0.0,0.0,0.0,0.0,0.0,2032.0,0.0
89,2011,Kyle Walker,1.7,Defender,1775.0,0.0,119.0,13.0,0.0,0.0,0.0,0.0,2749.0,0.0
90,2011,Luka Modric,23.8,0,2534.0,0.0,0.0,13.0,0.0,0.0,83.0,0.0,3200.0,0.0
91,2016,Joel Matip,17.0,Defender,1699.0,0.0,148.0,0.0,0.0,0.0,0.0,0.0,2062.0,0.0
92,2016,Dejan Lovren,12.75,Defender,2001.0,0.0,172.0,0.0,0.0,0.0,0.0,0.0,2387.0,0.0
93,2016,Nathaniel Clyne,17.85,Defender,1795.0,0.0,0.0,10.0,80.0,0.0,0.0,0.0,2693.0,3324.0
94,2016,Emre Can,12.75,Midfielder,1659.0,0.0,0.0,0.0,66.0,0.0,45.0,0.0,2097.0,0.0
95,2016,Jordan Henderson,23.8,Midfielder,2057.0,0.0,0.0,0.0,88.0,0.0,0.0,0.0,2423.0,0.0
96,2016,James Milner,12.75,Midfielder,2168.0,0.0,0.0,0.0,94.0,7.0,0.0,0.0,3323.0,3159.0
97,2016,Georginio Wijnaldum,21.25,Midfielder,1625.0,0.0,0.0,0.0,0.0,6.0,60.0,9.0,0.0,2975.0
98,2016,Roberto Firmino,29.75,Forward,1543.0,9.0,0.0,0.0,58.0,11.0,100.0,7.0,2251.0,3068.0
99,2015,Alberto Moreno,12.75,Defender,0.0,0.0,0.0,0.0,92.0,0.0,0.0,4.0,2170.0,0.0
100,2015,Nathaniel Clyne,10.2,Defender,1510.0,0.0,0.0,10.0,84.0,0.0,0.0,0.0,2358.0,0.0
101,2015,Emre Can,10.2,Midfielder,1793.0,0.0,0.0,0.0,79.0,0.0,0.0,0.0,2260.0,0.0
102,2015,James Milner,11.9,Midfielder,1377.0,0.0,0.0,0.0,68.0,5.0,0.0,11.0,2065.0,0.0
103,2014,Martin Skrtel,11.9,0,1727.0,0.0,312.0,12.0,0.0,0.0,0.0,0.0,2268.0,0.0
104,2014,Dejan Lovren,10.2,Defender,0.0,0.0,202.0,0.0,0.0,0.0,0.0,0.0,1782.0,0.0
105,2014,Jordan Henderson,12.75,Midfielder,2181.0,0.0,0.0,13.0,85.0,6.0,50.0,9.0,2793.0,0.0
106,2014,Philippe Coutinho,13.6,Midfielder,1601.0,0.0,0.0,0.0,61.0,5.0,103.0,5.0,2368.0,0.0
107,2013,Martin Skrtel,12.75,0,1760.0,0.0,409.0,0.0,0.0,7.0,0.0,0.0,2432.0,0.0
108,2013,Glen Johnson,10.2,0,1456.0,0.0,0.0,0.0,0.0,0.0,0.0,0.0,2267.0,0.0
109,2013,Steven Gerrard,9.78,0,2219.0,0.0,90.0,0.0,98.0,13.0,60.0,13.0,2843.0,0.0
110,2013,Jordan Henderson,8.93,Midfielder,2026.0,0.0,0.0,0.0,83.0,0.0,0.0,7.0,2573.0,0.0
111,2013,Philippe Coutinho,8.5,Midfielder,1477.0,0.0,0.0,0.0,74.0,0.0,94.0,7.0,2062.0,0.0
112,2012,Daniel Agger,12.75,0,1744.0,0.0,196.0,14.0,0.0,0.0,0.0,0.0,2189.0,0.0
113,2011,Martin Skrtel,9.35,0,0.0,0.0,176.0,0.0,0.0,0.0,0.0,0.0,1931.0,0.0
114,2011,Glen Johnson,12.75,0,0.0,0.0,0.0,0.0,0.0,0.0,0.0,0.0,1696.0,0.0
115,2011,Jordan Henderson,7.23,Midfielder,0.0,0.0,0.0,0.0,0.0,0.0,0.0,0.0,1935.0,0.0
116,2011,Charlie Adam,3.83,0,1372.0,0.0,0.0,0.0,0.0,0.0,0.0,6.0,1898.0,0.0
117,2011,Stewart Downing,10.2,0,1245.0,0.0,0.0,0.0,0.0,0.0,72.0,0.0,1772.0,0.0
118,2016,Thibaut Courtois,0.0,Goalkeeper,0.0,0.0,0.0,15.0,0.0,0.0,0.0,0.0,0.0,3240.0
119,2016,Gary Cahill,0.0,Defender,1849.0,0.0,164.0,14.0,0.0,6.0,0.0,0.0,2273.0,3296.0
120,2013,John Terry,0.0,Defender,1709.0,0.0,224.0,16.0,0.0,0.0,0.0,0.0,2104.0,0.0
121,2016,César Azpilicueta,0.0,Defender,2459.0,0.0,114.0,15.0,84.0,0.0,0.0,4.0,3037.0,3420.0
122,2015,César Azpilicueta,0.0,Defender,1798.0,0.0,102.0,0.0,114.0,0.0,0.0,0.0,2699.0,0.0
123,2013,César Azpilicueta,0.0,Defender,0.0,0.0,0.0,12.0,98.0,0.0,0.0,0.0,1997.0,0.0
124,2012,César Azpilicueta,0.0,Defender,0.0,0.0,0.0,0.0,69.0,0.0,0.0,4.0,1884.0,0.0
125,2015,Cesc Fàbregas,0.0,Midfielder,2829.0,0.0,0.0,0.0,103.0,5.0,0.0,7.0,3395.0,0.0
126,2014,Cesc Fàbregas,0.0,Midfielder,2743.0,0.0,0.0,10.0,90.0,0.0,0.0,18.0,3398.0,0.0
127,2016,Eden Hazard,0.0,Midfielder,1750.0,9.0,0.0,0.0,0.0,16.0,77.0,5.0,2486.0,3002.0
128,2014,Eden Hazard,0.0,Midfielder,2217.0,0.0,0.0,12.0,0.0,14.0,78.0,9.0,3098.0,0.0
129,2013,Eden Hazard,0.0,Midfielder,1542.0,0.0,0.0,0.0,0.0,14.0,73.0,7.0,2298.0,0.0
130,2012,Eden Hazard,0.0,Midfielder,1523.0,0.0,0.0,0.0,0.0,9.0,63.0,11.0,2095.0,0.0
131,2016,Nemanja Matic,0.0,Midfielder,1865.0,0.0,0.0,14.0,0.0,0.0,0.0,7.0,2249.0,0.0
132,2015,Nemanja Matic,0.0,Midfielder,1607.0,0.0,0.0,0.0,84.0,0.0,0.0,0.0,2073.0,0.0
133,2014,Nemanja Matic,0.0,Midfielder,2298.0,0.0,116.0,16.0,129.0,0.0,0.0,0.0,2925.0,0.0
134,2015,Willian,0.0,Midfielder,1500.0,0.0,0.0,0.0,0.0,5.0,60.0,6.0,2229.0,0.0
135,2014,Willian,0.0,Midfielder,0.0,0.0,0.0,0.0,0.0,0.0,55.0,0.0,1866.0,0.0
136,2016,Diego Costa,0.0,Forward,0.0,12.0,0.0,0.0,0.0,20.0,111.0,7.0,0.0,3089.0
137,2016,N'Golo Kanté,0.0,Midfielder,2122.0,0.0,0.0,13.0,127.0,0.0,0.0,0.0,2671.0,3139.0
138,2015,N'Golo Kanté,0.0,Midfielder,1449.0,0.0,0.0,14.0,175.0,0.0,0.0,4.0,2185.0,0.0
139,2016,Marcos Alonso,0.0,Defender,0.0,0.0,0.0,14.0,53.0,6.0,46.0,0.0,2081.0,0.0
140,2016,David Luiz,0.0,Defender,1570.0,0.0,159.0,12.0,0.0,0.0,0.0,0.0,0.0,2956.0
141,2012,David Luiz,0.0,Defender,1515.0,0.0,135.0,13.0,0.0,0.0,56.0,0.0,2002.0,0.0
142,2014,Nathaniel Clyne,0.0,Defender,1503.0,0.0,0.0,13.0,115.0,0.0,0.0,0.0,2478.0,0.0
143,2012,Nathaniel Clyne,0.0,Defender,1329.0,0.0,0.0,0.0,96.0,0.0,0.0,0.0,2309.0,0.0
144,2013,Dejan Lovren,0.0,Defender,1625.0,0.0,239.0,12.0,0.0,0.0,0.0,0.0,2155.0,0.0
145,2013,Adam Lallana,0.0,Midfielder,1478.0,0.0,0.0,0.0,0.0,9.0,70.0,6.0,2303.0,0.0
146,2012,Gaël Clichy,0.0,Defender,1311.0,0.0,0.0,11.0,90.0,0.0,0.0,0.0,2072.0,0.0
147,2016,Nicolás Otamendi,0.0,Defender,1945.0,0.0,179.0,0.0,69.0,0.0,0.0,0.0,2440.0,0.0
148,2015,Nicolás Otamendi,0.0,Defender,1569.0,0.0,209.0,11.0,90.0,0.0,0.0,0.0,2122.0,0.0
149,2014,Jesús Navas,0.0,Midfielder,1338.0,0.0,0.0,0.0,0.0,0.0,46.0,8.0,1907.0,0.0
150,2014,Fabian Delph,0.0,Midfielder,1673.0,0.0,0.0,0.0,58.0,0.0,0.0,0.0,2194.0,0.0
151,2013,Fabian Delph,0.0,Midfielder,1587.0,0.0,0.0,0.0,100.0,0.0,0.0,0.0,2215.0,0.0
152,2016,Yaya Touré,0.0,Midfielder,1798.0,0.0,0.0,0.0,0.0,0.0,0.0,0.0,2074.0,0.0
153,2015,Yaya Touré,0.0,Midfielder,1838.0,0.0,0.0,0.0,0.0,6.0,77.0,5.0,2263.0,0.0
154,2014,Yaya Touré,0.0,Midfielder,2412.0,0.0,0.0,0.0,0.0,10.0,89.0,0.0,2777.0,0.0
155,2013,Yaya Touré,0.0,Midfielder,2502.0,0.0,0.0,0.0,0.0,20.0,64.0,9.0,2873.0,0.0
156,2012,Yaya Touré,0.0,Midfielder,2525.0,0.0,0.0,13.0,0.0,7.0,69.0,5.0,2870.0,0.0
157,2011,Yaya Touré,0.0,Midfielder,2419.0,0.0,0.0,0.0,0.0,6.0,65.0,6.0,2797.0,0.0
158,2015,John Stones,0.0,Defender,1566.0,0.0,0.0,0.0,0.0,0.0,0.0,0.0,1971.0,0.0
159,2013,Luke Shaw,0.0,Defender,1402.0,0.0,0.0,13.0,72.0,0.0,0.0,0.0,2490.0,0.0
160,2012,Juan Mata,0.0,Midfielder,1838.0,0.0,0.0,0.0,0.0,12.0,70.0,12.0,2396.0,0.0
161,2011,Juan Mata,0.0,Midfielder,1486.0,0.0,0.0,0.0,0.0,6.0,65.0,13.0,2042.0,0.0
162,2012,Marouane Fellaini,0.0,Midfielder,1627.0,0.0,0.0,0.0,82.0,11.0,90.0,5.0,2207.0,0.0
163,2011,Michel Vorm,0.0,Goalkeeper,0.0,0.0,0.0,14.0,0.0,0.0,0.0,0.0,1856.0,0.0
164,2014,Kieran Trippier,0.0,Defender,1681.0,0.0,151.0,0.0,73.0,0.0,0.0,0.0,3162.0,0.0
165,2013,Ben Davies,0.0,Defender,1652.0,0.0,109.0,0.0,76.0,0.0,0.0,0.0,2471.0,0.0
166,2012,Ben Davies,0.0,Defender,1525.0,0.0,167.0,0.0,92.0,0.0,0.0,0.0,2432.0,0.0
167,2014,Erik Lamela,0.0,Midfielder,0.0,0.0,0.0,0.0,0.0,0.0,0.0,7.0,1766.0,0.0
168,2012,Mousa Dembélé,0.0,Midfielder,1588.0,0.0,0.0,0.0,90.0,0.0,0.0,0.0,1980.0,0.0
169,2015,Moussa Sissoko,0.0,Midfielder,1385.0,0.0,0.0,0.0,0.0,0.0,0.0,7.0,2177.0,0.0
170,2013,Moussa Sissoko,0.0,Midfielder,0.0,0.0,0.0,0.0,0.0,0.0,0.0,6.0,2046.0,0.0
171,2015,Aaron Cresswell,0.0,0,1377.0,0.0,88.0,11.0,0.0,0.0,0.0,4.0,2274.0,0.0
172,2014,Aaron Cresswell,0.0,0,1348.0,0.0,148.0,0.0,0.0,0.0,0.0,0.0,2402.0,0.0
173,2016,Adam Smith,0.0,0,1452.0,0.0,0.0,0.0,85.0,0.0,0.0,5.0,2374.0,3099.0
174,2014,Ahmed Elmohamady,0.0,0,1584.0,0.0,0.0,0.0,68.0,0.0,0.0,5.0,2635.0,0.0
175,2013,Ahmed Elmohamady,0.0,0,1751.0,0.0,0.0,0.0,67.0,0.0,0.0,0.0,2807.0,0.0
176,2016,Ahmed Elmohamady,0.0,0,0.0,0.0,0.0,0.0,0.0,0.0,0.0,0.0,2096.0,0.0
177,2011,Alexandre Song,0.0,0,2248.0,0.0,0.0,11.0,0.0,0.0,0.0,0.0,2706.0,0.0
178,2016,Alexis Sánchez,0.0,0,1643.0,8.0,0.0,10.0,0.0,24.0,129.0,10.0,2470.0,3223.0
179,2015,Alexis Sánchez,0.0,0,1434.0,0.0,0.0,0.0,0.0,13.0,107.0,4.0,2179.0,0.0
180,2014,Alexis Sánchez,0.0,0,0.0,0.0,0.0,0.0,69.0,16.0,121.0,8.0,2448.0,0.0
181,2015,Andrew Surman,0.0,0,2287.0,0.0,0.0,0.0,0.0,0.0,0.0,0.0,2707.0,0.0
182,2014,Angel Rangel,0.0,0,1343.0,0.0,0.0,0.0,0.0,0.0,0.0,0.0,1891.0,0.0
183,2013,Angel Rangel,0.0,0,1934.0,0.0,0.0,0.0,84.0,0.0,0.0,0.0,2782.0,0.0
184,2012,Angel Rangel,0.0,0,1842.0,0.0,144.0,0.0,85.0,0.0,0.0,0.0,2681.0,0.0
185,2011,Angel Rangel,0.0,0,2273.0,0.0,0.0,0.0,0.0,0.0,0.0,0.0,3232.0,0.0
186,2012,Ashley Cole,0.0,0,1316.0,0.0,0.0,13.0,64.0,0.0,0.0,0.0,1998.0,0.0
187,2013,Ashley Westwood,0.0,0,1630.0,0.0,0.0,0.0,0.0,0.0,0.0,0.0,2060.0,0.0
188,2016,Ashley Williams,0.0,0,1720.0,0.0,270.0,12.0,0.0,0.0,0.0,0.0,2264.0,3158.0
189,2015,Ashley Williams,0.0,0,1883.0,0.0,314.0,0.0,68.0,0.0,0.0,0.0,2511.0,0.0
190,2014,Ashley Williams,0.0,0,1812.0,0.0,372.0,13.0,0.0,0.0,0.0,0.0,2447.0,0.0
191,2013,Ashley Williams,0.0,0,1936.0,0.0,312.0,0.0,0.0,0.0,0.0,0.0,2515.0,0.0
192,2012,Ashley Williams,0.0,0,1916.0,0.0,381.0,10.0,0.0,0.0,0.0,0.0,2591.0,0.0
193,2011,Ashley Williams,0.0,0,2594.0,0.0,296.0,13.0,0.0,0.0,0.0,0.0,3178.0,0.0
194,2016,Ben Gibson,0.0,0,1682.0,0.0,221.0,11.0,0.0,0.0,0.0,0.0,2150.0,3420.0
195,2015,Ben Watson,0.0,0,1436.0,0.0,0.0,0.0,71.0,0.0,0.0,0.0,1952.0,0.0
196,2011,Benoit Assou-Ekotto,0.0,0,2018.0,0.0,0.0,11.0,0.0,0.0,0.0,0.0,2854.0,0.0
197,2012,Bradley Johnson,0.0,0,1663.0,0.0,0.0,10.0,93.0,0.0,0.0,0.0,2163.0,0.0
198,2014,Branislav Ivanovic,0.0,0,1499.0,0.0,137.0,17.0,88.0,0.0,0.0,5.0,2470.0,0.0
199,2013,Branislav Ivanovic,0.0,0,1522.0,0.0,179.0,16.0,65.0,0.0,0.0,0.0,2442.0,0.0
200,2012,Branislav Ivanovic,0.0,0,1327.0,0.0,196.0,12.0,0.0,0.0,0.0,0.0,1945.0,0.0
201,2015,Branislav Ivanovic,0.0,0,0.0,0.0,87.0,0.0,0.0,0.0,0.0,0.0,1966.0,0.0
202,2012,Brede Hangeland,0.0,0,1530.0,0.0,337.0,0.0,0.0,0.0,0.0,0.0,2137.0,0.0
203,2016,Charlie Daniels,0.0,0,1616.0,0.0,0.0,10.0,58.0,0.0,0.0,0.0,2377.0,3060.0
204,2015,Charlie Daniels,0.0,0,1692.0,0.0,0.0,0.0,75.0,0.0,0.0,5.0,2698.0,0.0
205,2013,Cheick Tioté,0.0,0,2092.0,0.0,0.0,0.0,106.0,0.0,0.0,0.0,2726.0,0.0
206,2011,Cheick Tioté,0.0,0,1402.0,0.0,0.0,0.0,0.0,0.0,0.0,0.0,1799.0,0.0
207,2013,Chico,0.0,0,1827.0,0.0,202.0,0.0,78.0,0.0,0.0,0.0,2353.0,0.0
208,2012,Chico,0.0,0,1478.0,0.0,226.0,0.0,85.0,0.0,0.0,0.0,1989.0,0.0
209,2011,Clint Dempsey,0.0,0,1305.0,0.0,0.0,0.0,0.0,17.0,146.0,6.0,1896.0,0.0
210,2016,Daniel Drinkwater,0.0,0,1745.0,0.0,0.0,0.0,84.0,0.0,0.0,0.0,2193.0,0.0
211,2015,Daniel Drinkwater,0.0,0,1984.0,0.0,0.0,14.0,106.0,0.0,0.0,7.0,2541.0,0.0
212,2011,Danny Murphy,0.0,0,2159.0,0.0,0.0,0.0,0.0,0.0,0.0,5.0,2570.0,0.0
213,2011,David Fox,0.0,0,1457.0,0.0,0.0,0.0,0.0,0.0,0.0,0.0,1700.0,0.0
214,2015,Erik Pieters,0.0,0,1504.0,0.0,93.0,0.0,116.0,0.0,0.0,0.0,2504.0,0.0
215,2014,Erik Pieters,0.0,0,0.0,0.0,135.0,0.0,72.0,0.0,0.0,0.0,1906.0,0.0
216,2013,Erik Pieters,0.0,0,0.0,0.0,0.0,0.0,119.0,0.0,0.0,0.0,2161.0,0.0
217,2016,Erik Pieters,0.0,0,0.0,0.0,0.0,0.0,106.0,0.0,0.0,0.0,2338.0,3151.0
218,2016,Etienne Capoue,0.0,0,1483.0,3.0,0.0,0.0,61.0,7.0,50.0,0.0,2056.0,3212.0
219,2015,Etienne Capoue,0.0,0,1544.0,0.0,0.0,0.0,95.0,0.0,0.0,0.0,2168.0,0.0
220,2015,Federico Fernández,0.0,0,1697.0,0.0,217.0,0.0,0.0,0.0,0.0,0.0,2187.0,0.0
221,2014,Federico Fernández,0.0,0,0.0,0.0,169.0,10.0,0.0,0.0,0.0,0.0,1802.0,0.0
222,2015,Gareth Barry,0.0,0,2061.0,0.0,79.0,10.0,96.0,0.0,0.0,0.0,2560.0,0.0
223,2014,Gareth Barry,0.0,0,2039.0,0.0,0.0,0.0,0.0,0.0,0.0,0.0,2474.0,0.0
224,2013,Gareth Barry,0.0,0,2155.0,0.0,0.0,13.0,86.0,0.0,0.0,4.0,2604.0,0.0
225,2011,Gary Caldwell,0.0,0,1472.0,0.0,208.0,0.0,0.0,0.0,0.0,0.0,1857.0,0.0
226,2013,Gary Medel,0.0,0,1820.0,0.0,0.0,0.0,79.0,0.0,0.0,0.0,2191.0,0.0
227,2012,Glen Johnson,0.0,0,1740.0,0.0,0.0,16.0,90.0,0.0,54.0,4.0,2791.0,0.0
228,2015,Glenn Whelan,0.0,0,2070.0,0.0,99.0,0.0,71.0,0.0,0.0,0.0,2537.0,0.0
229,2016,Harry Arter,0.0,0,2004.0,0.0,0.0,0.0,83.0,0.0,54.0,4.0,2479.0,2959.0
230,2015,Héctor Bellerín,0.0,0,1689.0,0.0,85.0,18.0,0.0,0.0,0.0,5.0,2613.0,0.0
231,2016,Héctor Bellerín,0.0,0,0.0,0.0,0.0,0.0,0.0,0.0,0.0,4.0,2069.0,0.0
232,2016,Idrissa Gueye,0.0,0,1885.0,0.0,0.0,0.0,135.0,0.0,0.0,0.0,2420.0,0.0
233,2015,Idrissa Gueye,0.0,0,1869.0,0.0,0.0,0.0,144.0,0.0,0.0,0.0,2581.0,0.0
234,2015,Jack Cork,0.0,0,1712.0,0.0,0.0,0.0,77.0,0.0,0.0,0.0,2236.0,0.0
235,2016,Jake Livermore,0.0,0,1605.0,0.0,0.0,0.0,79.0,0.0,0.0,0.0,2068.0,2976.0
236,2014,Jake Livermore,0.0,0,1523.0,0.0,0.0,0.0,96.0,0.0,0.0,0.0,1917.0,0.0
237,2013,Jake Livermore,0.0,0,1662.0,0.0,0.0,0.0,69.0,0.0,0.0,0.0,2130.0,0.0
238,2012,James McArthur,0.0,0,1651.0,0.0,0.0,0.0,89.0,0.0,0.0,0.0,2064.0,0.0
239,2013,James McCarthy,0.0,0,1709.0,0.0,0.0,11.0,112.0,0.0,0.0,0.0,2190.0,0.0
240,2012,James McCarthy,0.0,0,2190.0,0.0,0.0,0.0,99.0,0.0,0.0,0.0,2681.0,0.0
241,2014,James McCarthy,0.0,0,0.0,0.0,0.0,0.0,67.0,0.0,0.0,0.0,1841.0,0.0
242,2011,James McCarthy,0.0,0,0.0,0.0,0.0,0.0,0.0,0.0,0.0,0.0,1891.0,0.0
243,2011,James Morrison,0.0,0,1182.0,0.0,0.0,0.0,0.0,0.0,62.0,5.0,1689.0,0.0
244,2014,James Morrison,0.0,0,0.0,0.0,0.0,0.0,70.0,0.0,0.0,0.0,1909.0,0.0
245,2016,Jason Puncheon,0.0,0,1468.0,0.0,0.0,0.0,74.0,0.0,45.0,5.0,2110.0,3094.0
246,2014,Jason Puncheon,0.0,0,0.0,0.0,0.0,0.0,66.0,6.0,65.0,7.0,1917.0,0.0
247,2012,Jean Beausejour,0.0,0,1336.0,0.0,0.0,0.0,0.0,0.0,0.0,0.0,2156.0,0.0
248,2011,Joe Allen,0.0,0,2177.0,0.0,0.0,10.0,0.0,0.0,0.0,0.0,2677.0,0.0
249,2016,Joe Allen,0.0,0,0.0,3.0,0.0,0.0,86.0,6.0,0.0,0.0,0.0,2936.0
250,2011,Jonás Gutiérrez,0.0,0,1219.0,0.0,0.0,15.0,0.0,0.0,0.0,0.0,1930.0,0.0
251,2013,Jonathan de Guzmán,0.0,0,1759.0,0.0,0.0,0.0,0.0,0.0,51.0,0.0,2300.0,0.0
252,2012,Jonathan de Guzmán,0.0,0,2008.0,0.0,0.0,0.0,0.0,5.0,54.0,6.0,2583.0,0.0
253,2013,Jonjo Shelvey,0.0,0,1614.0,0.0,0.0,0.0,0.0,6.0,78.0,6.0,2113.0,0.0
254,2011,José Bosingwa,0.0,0,1163.0,0.0,0.0,0.0,0.0,0.0,0.0,0.0,1834.0,0.0
255,2011,José Enrique,0.0,0,1824.0,0.0,0.0,11.0,0.0,0.0,0.0,0.0,2676.0,0.0
256,2012,José Enrique,0.0,0,0.0,0.0,0.0,11.0,72.0,0.0,0.0,4.0,1968.0,0.0
257,2016,José Fonte,0.0,0,1604.0,0.0,181.0,11.0,0.0,0.0,0.0,0.0,2053.0,0.0
258,2015,José Fonte,0.0,0,1622.0,0.0,224.0,11.0,0.0,0.0,0.0,0.0,2119.0,0.0
259,2014,José Fonte,0.0,0,1958.0,0.0,200.0,15.0,0.0,0.0,0.0,0.0,2503.0,0.0
260,2013,José Fonte,0.0,0,1929.0,0.0,297.0,15.0,68.0,0.0,0.0,0.0,2502.0,0.0
261,2011,Karl Henry,0.0,0,1432.0,0.0,0.0,0.0,0.0,0.0,0.0,0.0,1704.0,0.0
262,2014,Ki Sung-yueng,0.0,0,1706.0,0.0,0.0,10.0,0.0,8.0,0.0,0.0,2114.0,0.0
263,2012,Ki Sung-yueng,0.0,0,1618.0,0.0,0.0,0.0,0.0,0.0,0.0,0.0,1909.0,0.0
264,2016,Kyle Naughton,0.0,0,0.0,0.0,106.0,0.0,76.0,0.0,0.0,0.0,2282.0,0.0
265,2014,Leighton Baines,0.0,0,1520.0,0.0,0.0,0.0,0.0,0.0,0.0,9.0,2441.0,0.0
266,2013,Leighton Baines,0.0,0,1521.0,0.0,0.0,13.0,94.0,5.0,0.0,4.0,2641.0,0.0
267,2012,Leighton Baines,0.0,0,1663.0,0.0,0.0,11.0,92.0,5.0,0.0,5.0,2954.0,0.0
268,2012,Leon Britton,0.0,0,1768.0,0.0,0.0,0.0,0.0,0.0,0.0,0.0,2069.0,0.0
269,2011,Leon Britton,0.0,0,2258.0,0.0,0.0,11.0,0.0,0.0,0.0,0.0,2563.0,0.0
270,2012,Leon Osman,0.0,0,1788.0,0.0,0.0,0.0,85.0,0.0,76.0,0.0,2368.0,0.0
271,2016,Manuel Lanzini,0.0,0,1581.0,0.0,0.0,0.0,0.0,8.0,69.0,0.0,2169.0,0.0
272,2015,Mark Noble,0.0,0,1923.0,0.0,0.0,0.0,103.0,7.0,0.0,4.0,2468.0,0.0
273,2013,Mark Noble,0.0,0,1976.0,0.0,0.0,13.0,110.0,0.0,0.0,0.0,2565.0,0.0
274,2012,Mark Noble,0.0,0,1447.0,0.0,0.0,0.0,100.0,0.0,0.0,0.0,1935.0,0.0
275,2014,Mark Noble,0.0,0,0.0,0.0,0.0,0.0,70.0,0.0,0.0,0.0,1839.0,0.0
276,2015,Matt Ritchie,0.0,0,1429.0,0.0,0.0,0.0,0.0,0.0,77.0,6.0,2203.0,0.0
277,2012,Matthew Lowton,0.0,0,1365.0,0.0,195.0,0.0,105.0,0.0,0.0,0.0,2418.0,0.0
278,2016,Matthew Lowton,0.0,0,0.0,0.0,168.0,0.0,101.0,0.0,0.0,0.0,2158.0,3240.0
279,2012,Maya Yoshida,0.0,0,1399.0,0.0,231.0,0.0,0.0,0.0,0.0,0.0,1901.0,0.0
280,2012,Maynor Figueroa,0.0,0,1717.0,0.0,121.0,0.0,70.0,0.0,0.0,0.0,2330.0,0.0
281,2011,Maynor Figueroa,0.0,0,1857.0,0.0,167.0,0.0,0.0,0.0,0.0,0.0,2671.0,0.0
282,2016,Mesut Özil,0.0,0,2110.0,4.0,0.0,0.0,0.0,8.0,0.0,9.0,2647.0,0.0
283,2015,Mesut Özil,0.0,0,2276.0,0.0,0.0,0.0,0.0,6.0,47.0,19.0,2963.0,0.0
284,2013,Mesut Özil,0.0,0,1639.0,0.0,0.0,0.0,0.0,0.0,0.0,9.0,2063.0,0.0
285,2014,Mesut Özil,0.0,0,0.0,0.0,0.0,0.0,0.0,0.0,0.0,5.0,1817.0,0.0
286,2013,Mile Jedinak,0.0,0,1615.0,0.0,0.0,12.0,133.0,0.0,0.0,0.0,2292.0,0.0
287,2013,Morgan Schneiderlin,0.0,0,1932.0,0.0,0.0,13.0,113.0,0.0,0.0,0.0,2407.0,0.0
288,2012,Morgan Schneiderlin,0.0,0,1874.0,0.0,0.0,0.0,146.0,0.0,0.0,0.0,2500.0,0.0
289,2011,Morten Gamst Pedersen,0.0,0,1297.0,0.0,0.0,0.0,0.0,0.0,0.0,0.0,2082.0,0.0
290,2014,Neil Taylor,0.0,0,1294.0,0.0,0.0,13.0,0.0,0.0,0.0,0.0,2039.0,0.0
291,2011,Neil Taylor,0.0,0,0.0,0.0,0.0,12.0,0.0,0.0,0.0,0.0,2454.0,0.0
292,2015,Neil Taylor,0.0,0,0.0,0.0,0.0,0.0,0.0,0.0,0.0,0.0,2028.0,0.0
293,2016,Oriol Romeu,0.0,0,2070.0,0.0,0.0,12.0,117.0,0.0,0.0,0.0,2596.0,3072.0
294,2012,Oscar,0.0,0,1351.0,0.0,0.0,0.0,86.0,0.0,60.0,5.0,1935.0,0.0
295,2011,Phil Bardsley,0.0,0,1174.0,0.0,0.0,0.0,0.0,0.0,0.0,0.0,1912.0,0.0
296,2014,Phil Jagielka,0.0,0,1965.0,0.0,371.0,10.0,0.0,0.0,0.0,0.0,2621.0,0.0
297,2012,Phil Jagielka,0.0,0,1468.0,0.0,250.0,10.0,63.0,0.0,0.0,0.0,2072.0,0.0
298,2011,Phil Jagielka,0.0,0,1246.0,0.0,229.0,0.0,0.0,0.0,0.0,0.0,1701.0,0.0
299,2016,Ross Barkley,0.0,0,1651.0,5.0,0.0,0.0,0.0,5.0,89.0,8.0,2320.0,0.0
300,2015,Ross Barkley,0.0,0,1802.0,0.0,0.0,0.0,0.0,8.0,95.0,8.0,2567.0,0.0
301,2011,Russell Martin,0.0,0,1137.0,0.0,292.0,0.0,0.0,0.0,0.0,0.0,1836.0,0.0
302,2013,Russell Martin,0.0,0,0.0,0.0,104.0,0.0,0.0,0.0,0.0,0.0,1986.0,0.0
303,2016,Sam Clucas,0.0,0,1537.0,0.0,0.0,0.0,89.0,0.0,42.0,0.0,2118.0,3188.0
304,2014,Santiago Cazorla,0.0,0,2367.0,0.0,0.0,12.0,59.0,7.0,93.0,0.0,3162.0,0.0
305,2013,Santiago Cazorla,0.0,0,1937.0,0.0,0.0,10.0,0.0,0.0,73.0,0.0,2592.0,0.0
306,2012,Santiago Cazorla,0.0,0,2471.0,0.0,0.0,0.0,71.0,12.0,115.0,0.0,3258.0,0.0
307,2012,Sascha Riether,0.0,0,1577.0,0.0,123.0,0.0,0.0,0.0,0.0,4.0,2373.0,0.0
308,2014,Seamus Coleman,0.0,0,1255.0,0.0,0.0,10.0,0.0,0.0,0.0,0.0,2199.0,0.0
309,2013,Seamus Coleman,0.0,0,1395.0,0.0,0.0,15.0,72.0,6.0,0.0,0.0,2365.0,0.0
310,2012,Shaun Maloney,0.0,0,1593.0,0.0,0.0,0.0,0.0,6.0,56.0,8.0,2107.0,0.0
311,2016,Simon Francis,0.0,0,1656.0,0.0,199.0,10.0,62.0,0.0,0.0,0.0,2325.0,2940.0
312,2015,Simon Francis,0.0,0,2106.0,0.0,206.0,0.0,105.0,0.0,0.0,4.0,3023.0,0.0
313,2016,Steve Cook,0.0,0,1716.0,0.0,336.0,10.0,0.0,0.0,0.0,0.0,2426.0,3420.0
314,2015,Steve Cook,0.0,0,1577.0,0.0,298.0,0.0,0.0,4.0,0.0,0.0,2116.0,0.0
315,2013,Steve Sidwell,0.0,0,1467.0,0.0,88.0,0.0,121.0,7.0,0.0,0.0,2094.0,0.0
316,2016,Steven Davis,0.0,0,1716.0,0.0,0.0,0.0,0.0,0.0,0.0,0.0,2161.0,0.0
317,2015,Steven Davis,0.0,0,1505.0,0.0,0.0,0.0,0.0,5.0,0.0,0.0,2020.0,0.0
318,2014,Steven Davis,0.0,0,1702.0,0.0,0.0,0.0,65.0,0.0,0.0,0.0,2175.0,0.0
319,2013,Steven Davis,0.0,0,1831.0,0.0,0.0,0.0,0.0,0.0,0.0,7.0,2277.0,0.0
320,2012,Steven Gerrard,0.0,0,2387.0,0.0,0.0,14.0,88.0,9.0,93.0,9.0,3042.0,0.0
321,2014,Steven N'Zonzi,0.0,0,2150.0,0.0,0.0,0.0,72.0,0.0,47.0,0.0,2649.0,0.0
322,2013,Steven N'Zonzi,0.0,0,2051.0,0.0,0.0,0.0,0.0,0.0,0.0,0.0,2419.0,0.0
323,2011,Steven N'Zonzi,0.0,0,0.0,0.0,0.0,0.0,0.0,0.0,0.0,5.0,2073.0,0.0
324,2012,Steven Pienaar,0.0,0,1623.0,0.0,0.0,0.0,67.0,6.0,62.0,6.0,2235.0,0.0
325,2014,Stewart Downing,0.0,0,0.0,0.0,0.0,0.0,0.0,6.0,69.0,8.0,2139.0,0.0
326,2013,Sylvain Distin,0.0,0,1571.0,0.0,274.0,13.0,0.0,0.0,0.0,0.0,2095.0,0.0
327,2013,Tom Huddlestone,0.0,0,1882.0,0.0,0.0,0.0,94.0,0.0,60.0,0.0,2575.0,0.0
328,2015,Virgil van Dijk,0.0,0,1388.0,0.0,260.0,0.0,0.0,0.0,0.0,0.0,1953.0,0.0
329,2015,Yann M'Vila,0.0,0,1679.0,0.0,110.0,0.0,99.0,0.0,0.0,4.0,2291.0,0.0
330,2011,Yohan Cabaye,0.0,0,1451.0,0.0,0.0,0.0,0.0,0.0,0.0,6.0,2024.0,0.0
331,2013,Youssouf Mulumbu,0.0,0,1947.0,0.0,0.0,0.0,86.0,0.0,0.0,0.0,2589.0,0.0
332,2012,Youssouf Mulumbu,0.0,0,1529.0,0.0,0.0,0.0,65.0,0.0,0.0,0.0,1935.0,0.0
333,2016,Christian Benteke,0.0,0,0.0,12.0,0.0,0.0,0.0,15.0,105.0,0.0,0.0,3137.0
334,2016,Romelu Lukaku,0.0,0,0.0,8.0,0.0,11.0,0.0,25.0,110.0,6.0,0.0,3267.0
335,2016,Troy Deeney,0.0,0,0.0,7.0,0.0,0.0,0.0,10.0,42.0,4.0,0.0,2941.0
336,2016,Jermain Defoe,0.0,0,0.0,7.0,0.0,0.0,0.0,15.0,99.0,0.0,0.0,3322.0
337,2016,Wilfried Zaha,0.0,0,0.0,6.0,0.0,0.0,76.0,7.0,49.0,9.0,0.0,3025.0
338,2016,Ben Mee,0.0,0,0.0,0.0,300.0,0.0,0.0,0.0,0.0,0.0,0.0,3015.0
339,2014,Ben Mee,0.0,0,0.0,0.0,182.0,0.0,65.0,0.0,0.0,0.0,2042.0,0.0
340,2016,Michael Keane,0.0,0,0.0,0.0,260.0,10.0,0.0,0.0,0.0,0.0,0.0,3150.0
341,2016,Gareth McAuley,0.0,0,0.0,0.0,226.0,0.0,0.0,6.0,0.0,0.0,0.0,3143.0
342,2016,Robert Huth,0.0,0,0.0,0.0,220.0,0.0,0.0,0.0,0.0,0.0,0.0,2929.0
343,2016,Ryan Shawcross,0.0,0,0.0,0.0,217.0,0.0,0.0,0.0,0.0,0.0,0.0,3150.0
344,2016,Bruno Martins Indi,0.0,0,0.0,0.0,199.0,0.0,61.0,0.0,0.0,0.0,0.0,3147.0
345,2016,Stephen Ward,0.0,0,0.0,0.0,145.0,0.0,70.0,0.0,0.0,0.0,2122.0,3232.0
346,2011,Stephen Ward,0.0,0,0.0,0.0,130.0,0.0,0.0,0.0,0.0,0.0,2632.0,0.0
347,2016,Craig Dawson,0.0,0,0.0,0.0,141.0,0.0,0.0,0.0,0.0,0.0,0.0,3278.0
348,2015,Craig Dawson,0.0,0,0.0,0.0,0.0,10.0,0.0,4.0,0.0,0.0,2244.0,0.0
349,2016,Christian Fuchs,0.0,0,0.0,0.0,136.0,0.0,97.0,0.0,0.0,0.0,2279.0,3103.0
350,2015,Christian Fuchs,0.0,0,0.0,0.0,122.0,15.0,99.0,0.0,0.0,4.0,2195.0,0.0
351,2016,Danny Simpson,0.0,0,0.0,0.0,136.0,0.0,0.0,0.0,0.0,0.0,0.0,2990.0
352,2011,Danny Simpson,0.0,0,0.0,0.0,126.0,13.0,0.0,0.0,0.0,0.0,1844.0,0.0
353,2016,Joel Ward,0.0,0,0.0,0.0,127.0,0.0,89.0,0.0,0.0,0.0,2341.0,3418.0
354,2014,Joel Ward,0.0,0,0.0,0.0,180.0,0.0,95.0,0.0,0.0,0.0,2283.0,0.0
355,2013,Joel Ward,0.0,0,0.0,0.0,168.0,12.0,114.0,0.0,0.0,0.0,2134.0,0.0
356,2016,José Holebas,0.0,0,0.0,0.0,105.0,0.0,62.0,0.0,0.0,0.0,2198.0,2909.0
357,2015,Pape Souaré,0.0,0,0.0,0.0,122.0,0.0,0.0,0.0,0.0,0.0,2114.0,0.0
358,2015,Robbie Brady,0.0,0,0.0,0.0,89.0,0.0,101.0,0.0,53.0,0.0,2155.0,0.0
359,2015,Daryl Janmaat,0.0,0,0.0,0.0,83.0,0.0,80.0,0.0,0.0,4.0,2197.0,0.0
360,2014,Daryl Janmaat,0.0,0,0.0,0.0,0.0,0.0,103.0,0.0,0.0,6.0,2405.0,0.0
361,2011,Marc Wilson,0.0,0,0.0,0.0,246.0,0.0,0.0,0.0,0.0,0.0,1781.0,0.0
362,2016,Fraser Forster,0.0,0,0.0,0.0,0.0,13.0,0.0,0.0,0.0,0.0,0.0,3420.0
363,2016,Tom Heaton,0.0,0,0.0,0.0,0.0,10.0,0.0,0.0,0.0,0.0,0.0,3150.0
364,2016,Cédric Soares,0.0,0,0.0,0.0,0.0,9.0,83.0,0.0,0.0,0.0,2078.0,0.0
365,2014,Ryan Bertrand,0.0,0,0.0,0.0,0.0,13.0,0.0,0.0,0.0,0.0,2280.0,0.0
366,2013,Martin Olsson,0.0,0,0.0,0.0,0.0,11.0,0.0,0.0,0.0,0.0,2003.0,0.0
367,2012,Luis Suárez,0.0,0,0.0,0.0,0.0,11.0,0.0,23.0,187.0,5.0,2059.0,0.0
368,2013,Luis Suárez,0.0,0,0.0,0.0,0.0,0.0,0.0,31.0,181.0,12.0,2152.0,0.0
369,2011,Luis Suárez,0.0,0,0.0,0.0,0.0,0.0,0.0,11.0,128.0,0.0,1742.0,0.0
370,2011,Tim Krul,0.0,0,0.0,0.0,0.0,15.0,0.0,0.0,0.0,0.0,1860.0,0.0
371,2014,Jack Colback,0.0,0,0.0,0.0,0.0,0.0,101.0,0.0,0.0,6.0,2044.0,0.0
372,2014,Santiago Vergini,0.0,0,0.0,0.0,0.0,0.0,63.0,0.0,0.0,0.0,1779.0,0.0
373,2013,Geoff Cameron,0.0,0,0.0,0.0,0.0,0.0,108.0,0.0,0.0,0.0,2388.0,0.0
374,2013,Liam Ridgewell,0.0,0,0.0,0.0,0.0,0.0,69.0,0.0,0.0,0.0,2031.0,0.0
375,2012,Craig Gardner,0.0,0,0.0,0.0,0.0,0.0,101.0,6.0,55.0,0.0,2097.0,0.0
376,2012,Robert Snodgrass,0.0,0,0.0,0.0,0.0,0.0,99.0,6.0,78.0,6.0,1973.0,0.0
377,2012,Emmerson Boyce,0.0,0,0.0,0.0,0.0,0.0,74.0,0.0,0.0,0.0,1952.0,0.0
378,2015,Dimitri Payet,0.0,0,0.0,0.0,0.0,0.0,0.0,9.0,69.0,12.0,2018.0,0.0
379,2011,Frank Lampard,0.0,0,0.0,0.0,0.0,0.0,0.0,11.0,65.0,5.0,1918.0,0.0
380,2016,Gylfi Sigurdsson,0.0,0,0.0,0.0,0.0,0.0,0.0,9.0,116.0,13.0,0.0,3328.0
381,2015,Riyad Mahrez,0.0,0,0.0,0.0,0.0,0.0,0.0,17.0,86.0,11.0,1994.0,0.0
382,2014,Alan Hutton,0.0,0,0.0,0.0,0.0,0.0,0.0,0.0,0.0,0.0,1915.0,0.0
383,2012,John Arne Riise,0.0,0,0.0,0.0,0.0,0.0,0.0,0.0,0.0,0.0,1900.0,0.0
384,2011,Tony Hibbert,0.0,0,0.0,0.0,0.0,0.0,0.0,0.0,0.0,0.0,1817.0,0.0
385,2011,Wayne Hennessey,0.0,0,0.0,0.0,0.0,0.0,0.0,0.0,0.0,0.0,1858.0,0.0
386,2016,Artur Boruc,0.0,0,0.0,0.0,0.0,0.0,0.0,0.0,0.0,0.0,0.0,3150.0
387,2016,Ben Foster,0.0,0,0.0,0.0,0.0,0.0,0.0,0.0,0.0,0.0,0.0,3420.0
388,2016,Darren Fletcher,0.0,0,0.0,0.0,0.0,0.0,0.0,0.0,0.0,0.0,0.0,3235.0
389,2016,Heurelho Gomes,0.0,0,0.0,0.0,0.0,0.0,0.0,0.0,0.0,0.0,0.0,3339.0
390,2016,Lukasz Fabianski,0.0,0,0.0,0.0,0.0,0.0,0.0,0.0,0.0,0.0,0.0,3330.0
